                  epoch,         train/box_loss,         train/cls_loss,         train/dfl_loss,   metrics/precision(B),      metrics/recall(B),       metrics/mAP50(B),    metrics/mAP50-95(B),           val/box_loss,           val/cls_loss,           val/dfl_loss,                 lr/pg0,                 lr/pg1,                 lr/pg2
                      1,                 1.0265,                 2.4691,                 1.3433,                0.00372,                0.94316,                0.30348,                0.21009,                0.95914,                 2.9593,                 1.4077,             0.00054211,             0.00054211,             0.00054211
                      2,                 1.0308,                   1.78,                 1.3115,                0.94306,                0.05485,                0.59729,                0.34978,                0.89785,                 2.4813,                 1.2951,             0.00055438,             0.00055438,             0.00055438
